Customer_ID,Customer_Name,State,Region
C1000,Ryan Gallagher,Tamil Nadu,South
C1001,Jon Cole,Telangana,South
C1002,Rachel Davis,Kerala,South
C1003,Russell Reynolds,Telangana,South
C1004,April Griffin,Delhi,North
C1005,Crystal Landry,Delhi,North
C1006,Amanda Johnson,Delhi,North
C1007,Teresa James,Gujarat,West
C1008,Javier Johnson,Karnataka,South
C1009,Jeffrey Simpson,Telangana,South
C1010,David Robinson,Delhi,North
C1011,Dylan Smith,Andhra Pradesh,South
C1012,Kristie May,Gujarat,West
C1013,Willie Heath,Gujarat,West
C1014,Gary Griffith,Andhra Pradesh,South
C1015,Taylor Henderson,Delhi,North
C1016,Meagan Turner,Kerala,South
C1017,Sonya Mathis,Karnataka,South
C1018,Leah Johnson,Telangana,South
C1019,Robert Perry,Maharashtra,West
C1020,Joshua Warner,Andhra Pradesh,South
C1021,Jade Gonzales,Andhra Pradesh,South
C1022,Paula Meyer,Andhra Pradesh,South
C1023,John Johnson,Andhra Pradesh,South
C1024,Michael Bird,Gujarat,West
C1025,Jennifer Jackson,Karnataka,South
C1026,Vicki Townsend,Gujarat,West
C1027,Shannon Hall,Andhra Pradesh,South
C1028,Tiffany Lane,Karnataka,South
C1029,Derrick Kelley,Delhi,North
C1030,Abigail Bowers,Delhi,North
C1031,Stacey Yang,Karnataka,South
C1032,Kelly Hoffman,Maharashtra,West
C1033,Anthony Berg,Karnataka,South
C1034,Christina Wagner,Karnataka,South
C1035,Mr. Gregory Ryan,Delhi,North
C1036,Lisa Ellis,Kerala,South
C1037,David Thompson,Andhra Pradesh,South
C1038,Shannon Lindsey,Gujarat,West
C1039,Rose Scott,Telangana,South
C1040,Megan Miller,Tamil Nadu,South
C1041,Adrian Campos,Kerala,South
C1042,Brian Weber,Telangana,South
C1043,Benjamin Moore,Maharashtra,West
C1044,Carol Nelson,Gujarat,West
C1045,Jordan Morris,Karnataka,South
C1046,Alexander Hughes,Kerala,South
C1047,Cole Rodriguez,Kerala,South
C1048,Katrina Clark,Delhi,North
C1049,Ruth Smith,Gujarat,West
C1050,Charles Higgins,Andhra Pradesh,South
C1051,Michael Gregory,Delhi,North
C1052,Connie Cantrell,Karnataka,South
C1053,Kellie Walker,Gujarat,West
C1054,Jennifer Johnston,Gujarat,West
C1055,Mark Brown,Tamil Nadu,South
C1056,Walter Hutchinson,Maharashtra,West
C1057,Scott Collins,Maharashtra,West
C1058,Natasha Butler,Telangana,South
C1059,Adam Koch,Delhi,North
C1060,Robert Rivers,Telangana,South
C1061,Carolyn Parrish,Tamil Nadu,South
C1062,Michele Hicks,Gujarat,West
C1063,Gregory Harris,Maharashtra,West
C1064,Jessica Lee,Delhi,North
C1065,Maxwell Phillips,Andhra Pradesh,South
C1066,Mr. Seth Yoder Jr.,Delhi,North
C1067,Garrett Benitez,Andhra Pradesh,South
C1068,Gina Lewis,Kerala,South
C1069,Sara Randolph,Gujarat,West
C1070,Stephen Mcdaniel,Tamil Nadu,South
C1071,Dr. David Swanson,Tamil Nadu,South
C1072,Christopher Bartlett,Karnataka,South
C1073,Peter Greene,Andhra Pradesh,South
C1074,Isabel Peterson,Karnataka,South
C1075,Sean Munoz,Karnataka,South
C1076,Stacy Taylor,Gujarat,West
C1077,Ashley Williams,Maharashtra,West
C1078,Sean French,Maharashtra,West
C1079,Glenda Gilbert,Delhi,North
C1080,Jamie Duncan,Kerala,South
C1081,Brad Adams,Andhra Pradesh,South
C1082,Kristy Buckley,Gujarat,West
C1083,Donald Buchanan,Tamil Nadu,South
C1084,Alexandria Santiago,Karnataka,South
C1085,Brian Dyer,Gujarat,West
C1086,David Mcneil,Andhra Pradesh,South
C1087,Brian Jackson,Delhi,North
C1088,Patrick Garcia,Maharashtra,West
C1089,Jamie Cordova,Karnataka,South
C1090,Elizabeth King,Gujarat,West
C1091,Brett Pearson,Delhi,North
C1092,Adam Haas,Maharashtra,West
C1093,Kyle Cole,Gujarat,West
C1094,Arthur Gentry,Maharashtra,West
C1095,Tracy Rodriguez,Andhra Pradesh,South
C1096,Luke Whitney,Maharashtra,West
C1097,Melissa Stanley,Delhi,North
C1098,Joshua Parker,Andhra Pradesh,South
C1099,Brad Campbell,Karnataka,South
C1100,Mrs. Marissa Schneider,Tamil Nadu,South
C1101,Jeanette Parker,Tamil Nadu,South
C1102,Eugene Boone,Telangana,South
C1103,Elizabeth Cook,Kerala,South
C1104,Lauren Carlson,Andhra Pradesh,South
C1105,Alex Sanchez,Telangana,South
C1106,Juan Jones,Telangana,South
C1107,Mark Carter,Andhra Pradesh,South
C1108,Katherine Huffman,Delhi,North
C1109,Jonathan Norton,Andhra Pradesh,South
C1110,Travis Thompson,Kerala,South
C1111,Victoria Underwood,Karnataka,South
C1112,Brian Robertson,Kerala,South
C1113,Elaine English,Telangana,South
C1114,Thomas Johnson,Tamil Nadu,South
C1115,Steven Lara,Maharashtra,West
C1116,Sara Francis,Kerala,South
C1117,Cassandra Reynolds,Telangana,South
C1118,Miguel Contreras,Tamil Nadu,South
C1119,Austin Richmond,Tamil Nadu,South
C1120,Kirsten Weaver,Kerala,South
C1121,Jody Foster,Tamil Nadu,South
C1122,David Johnson,Kerala,South
C1123,Jennifer Duncan,Kerala,South
C1124,Henry Taylor,Delhi,North
C1125,David Calderon,Maharashtra,West
C1126,James Salazar,Delhi,North
C1127,Adam Rice,Delhi,North
C1128,Mariah Gonzales,Telangana,South
C1129,Monique Allen,Andhra Pradesh,South
C1130,John Walker MD,Kerala,South
C1131,Susan Hardin,Gujarat,West
C1132,Matthew Williams,Maharashtra,West
C1133,Jorge Rich,Gujarat,West
C1134,Ralph Ware,Karnataka,South
C1135,Michael Sweeney,Kerala,South
C1136,Michael Doyle,Telangana,South
C1137,Selena Mosley,Kerala,South
C1138,Laura Thompson,Karnataka,South
C1139,Daniel Hudson,Gujarat,West
C1140,Amy Maldonado,Andhra Pradesh,South
C1141,Hannah Robertson,Karnataka,South
C1142,Nicholas Williams,Andhra Pradesh,South
C1143,Dr. Lori Adams,Gujarat,West
C1144,Tina Taylor,Tamil Nadu,South
C1145,Sarah Keller,Andhra Pradesh,South
C1146,Jill Glass,Tamil Nadu,South
C1147,Janet Lang,Delhi,North
C1148,Christopher Nguyen,Gujarat,West
C1149,Terry Chung,Karnataka,South
C1150,Kyle Russell,Delhi,North
C1151,Edward Wright,Karnataka,South
C1152,April Lee,Andhra Pradesh,South
C1153,Alex Burton,Gujarat,West
C1154,Sara Clark,Maharashtra,West
C1155,Joshua Nelson,Gujarat,West
C1156,Danielle Sutton,Andhra Pradesh,South
C1157,Rhonda Beltran,Kerala,South
C1158,Katherine Foley,Tamil Nadu,South
C1159,Laura Reyes,Karnataka,South
C1160,Brian Aguirre,Andhra Pradesh,South
C1161,Paul Gardner,Kerala,South
C1162,Paige Beltran,Telangana,South
C1163,Jonathan Armstrong,Telangana,South
C1164,Jonathan Kelly,Kerala,South
C1165,April Ramos,Kerala,South
C1166,Eric Ross,Tamil Nadu,South
C1167,Melinda Vasquez,Gujarat,West
C1168,Jamie Harris,Kerala,South
C1169,Donald George,Tamil Nadu,South
C1170,Sandra Dixon,Andhra Pradesh,South
C1171,Mrs. Sandra Ortiz,Andhra Pradesh,South
C1172,Victoria Torres,Karnataka,South
C1173,Manuel Schmidt,Delhi,North
C1174,Aaron Price,Tamil Nadu,South
C1175,Jared Callahan,Andhra Pradesh,South
C1176,Morgan Hurst,Gujarat,West
C1177,Katherine Reese,Karnataka,South
C1178,Mariah Soto,Maharashtra,West
C1179,Mark Schultz,Telangana,South
C1180,Rachel Mathis,Karnataka,South
C1181,Robin Jacobs,Gujarat,West
C1182,Dennis Erickson,Karnataka,South
C1183,Kimberly Hernandez,Delhi,North
C1184,Kari Mcdonald,Telangana,South
C1185,Jordan Garner,Gujarat,West
C1186,Henry Sandoval,Kerala,South
C1187,Jonathon Shah,Delhi,North
C1188,Jennifer Barker,Andhra Pradesh,South
C1189,Christine Clark,Maharashtra,West
C1190,Debra Jones,Gujarat,West
C1191,Kelly Richardson,Kerala,South
C1192,Nancy Jackson,Andhra Pradesh,South
C1193,Michelle Briggs,Tamil Nadu,South
C1194,Leonard Hall,Karnataka,South
C1195,Carrie Clarke,Maharashtra,West
C1196,Erin Walker,Tamil Nadu,South
C1197,Michelle Anthony,Maharashtra,West
C1198,Steven Dean,Gujarat,West
C1199,Jeffrey Juarez,Karnataka,South
C1200,Cheryl Garrett,Kerala,South
C1201,William Wallace,Telangana,South
C1202,Monica Obrien,Gujarat,West
C1203,Joseph Taylor,Maharashtra,West
C1204,Mike Ward,Delhi,North
C1205,Cynthia Robbins,Karnataka,South
C1206,Elizabeth Rodriguez,Telangana,South
C1207,Johnathan Garcia,Andhra Pradesh,South
C1208,Anthony Harper,Telangana,South
C1209,Claire Johnson,Tamil Nadu,South
C1210,Robin Maynard,Tamil Nadu,South
C1211,Grace Massey,Tamil Nadu,South
C1212,Michael Davis,Karnataka,South
C1213,Jon Gray,Kerala,South
C1214,David Wilkins,Maharashtra,West
C1215,Kevin Lewis,Kerala,South
C1216,Erin Watkins,Maharashtra,West
C1217,Wendy Williams,Maharashtra,West
C1218,Shannon Flores,Maharashtra,West
C1219,Kevin Ellison,Telangana,South
C1220,Spencer Blake,Kerala,South
C1221,Thomas Smith,Karnataka,South
C1222,Maurice Brown,Delhi,North
C1223,Carlos Ford,Tamil Nadu,South
C1224,Susan Johnson,Telangana,South
C1225,Ryan Williams,Maharashtra,West
C1226,Bruce Davis,Andhra Pradesh,South
C1227,Mark Garner,Gujarat,West
C1228,Sarah Alvarado,Telangana,South
C1229,Mark Montes,Gujarat,West
C1230,Dana Brown,Tamil Nadu,South
C1231,Leslie Bailey,Tamil Nadu,South
C1232,Kristina Boyd,Maharashtra,West
C1233,Harry Gutierrez,Telangana,South
C1234,Spencer Coleman,Gujarat,West
C1235,Michelle Paul,Telangana,South
C1236,Nicole King,Karnataka,South
C1237,Brittany Sellers,Telangana,South
C1238,Sarah Brown,Kerala,South
C1239,Robert Harrison,Maharashtra,West
C1240,William Williams,Kerala,South
C1241,Jill Anderson,Telangana,South
C1242,Michael Khan,Delhi,North
C1243,Joseph Davis,Kerala,South
C1244,Angelica Johnson,Telangana,South
C1245,Nicholas Edwards,Andhra Pradesh,South
C1246,Robert Roman,Kerala,South
C1247,Elizabeth Coleman,Andhra Pradesh,South
C1248,Justin Rivera,Andhra Pradesh,South
C1249,Richard Huber,Telangana,South
C1250,Ashley Delgado,Gujarat,West
C1251,William Ball,Telangana,South
C1252,Meredith Nichols,Andhra Pradesh,South
C1253,Sandra Carter,Karnataka,South
C1254,Jacob Meyer,Karnataka,South
C1255,Gregory Andrews,Gujarat,West
C1256,Robert Curtis,Tamil Nadu,South
C1257,Edward Gomez,Telangana,South
C1258,Paul Mason,Delhi,North
C1259,Brittany Rocha,Tamil Nadu,South
C1260,Garrett Jones,Karnataka,South
C1261,Karen Durham,Tamil Nadu,South
C1262,Tracy Ochoa,Telangana,South
C1263,Tammy Solis,Gujarat,West
C1264,Joseph Johnston,Gujarat,West
C1265,Rachel Warner PhD,Kerala,South
C1266,Tommy Schneider,Kerala,South
C1267,John Petty,Delhi,North
C1268,Carol Hernandez,Maharashtra,West
C1269,Kristine Knox,Telangana,South
C1270,Jason Luna,Karnataka,South
C1271,Brett Gardner,Maharashtra,West
C1272,Brian Green,Andhra Pradesh,South
C1273,Kelsey Miller,Andhra Pradesh,South
C1274,Samuel Day,Andhra Pradesh,South
C1275,Scott Johnson,Kerala,South
C1276,Ryan Page,Maharashtra,West
C1277,Steven George,Delhi,North
C1278,Stephanie Coleman,Gujarat,West
C1279,Kimberly Duffy,Maharashtra,West
C1280,Molly Cervantes,Gujarat,West
C1281,Mrs. Christina Francis PhD,Telangana,South
C1282,Katelyn Powell,Telangana,South
C1283,Rebecca Richards,Maharashtra,West
C1284,Samuel Ellis,Delhi,North
C1285,Edwin Vazquez,Telangana,South
C1286,Bryan Turner,Kerala,South
C1287,Nicole Arellano,Karnataka,South
C1288,Laura Arnold,Delhi,North
C1289,Kimberly Cardenas,Maharashtra,West
C1290,Jennifer Soto,Kerala,South
C1291,Eric Hunter,Tamil Nadu,South
C1292,Krista Bray,Karnataka,South
C1293,Mark Vang,Kerala,South
C1294,Kylie Richardson,Karnataka,South
C1295,Timothy Woodard,Karnataka,South
C1296,Stephanie Buckley,Maharashtra,West
C1297,Janet Marshall,Telangana,South
C1298,Jacqueline Curry,Kerala,South
C1299,Mr. Jesus Wilson,Telangana,South
C1300,Jason Smith,Delhi,North
C1301,David Hodge,Telangana,South
C1302,Donna Cuevas,Maharashtra,West
C1303,Jose Stevenson,Karnataka,South
C1304,Jessica Waters,Gujarat,West
C1305,Dr. John Mata,Kerala,South
C1306,Anna Anderson,Andhra Pradesh,South
C1307,Crystal Johnson,Maharashtra,West
C1308,John Farley,Tamil Nadu,South
C1309,Nathaniel Flowers,Maharashtra,West
C1310,Logan Forbes,Kerala,South
C1311,Kimberly Reed,Karnataka,South
C1312,Tracy Garcia,Maharashtra,West
C1313,Jennifer Powers,Telangana,South
C1314,Derek Ramirez,Telangana,South
C1315,Ricky Hodge,Karnataka,South
C1316,Megan Miller,Karnataka,South
C1317,Michael Phillips,Andhra Pradesh,South
C1318,Susan Wilson,Karnataka,South
C1319,Ashley Hughes,Gujarat,West
C1320,Christina Meyer,Telangana,South
C1321,Stephen Gay,Kerala,South
C1322,Johnathan Jacobson,Telangana,South
C1323,Cindy Malone,Telangana,South
C1324,John Smith,Andhra Pradesh,South
C1325,Mary Frost DVM,Andhra Pradesh,South
C1326,Joshua Alexander,Kerala,South
C1327,Sarah Perez,Maharashtra,West
C1328,Michael Jenkins,Delhi,North
C1329,Cory Hoffman,Delhi,North
C1330,Toni Patel,Tamil Nadu,South
C1331,Brittany Gutierrez,Telangana,South
C1332,Michael Adams,Maharashtra,West
C1333,Jacob Ruiz,Telangana,South
C1334,Larry White,Tamil Nadu,South
C1335,Melissa Nichols,Tamil Nadu,South
C1336,Gabriel Vaughn,Tamil Nadu,South
C1337,Robin Snow,Tamil Nadu,South
C1338,Johnny Rivera,Maharashtra,West
C1339,Charles Scott,Kerala,South
C1340,Joshua Warner,Telangana,South
C1341,Melinda Perez,Kerala,South
C1342,Keith Wilkerson,Tamil Nadu,South
C1343,Aaron Smith,Karnataka,South
C1344,Luis Miller,Tamil Nadu,South
C1345,Michael Mercer,Andhra Pradesh,South
C1346,Kyle Stone,Maharashtra,West
C1347,Gary Taylor,Karnataka,South
C1348,Randy Maldonado,Tamil Nadu,South
C1349,Billy Hardy,Kerala,South
C1350,Evan Adams,Gujarat,West
C1351,Andre Taylor,Tamil Nadu,South
C1352,Timothy Little,Andhra Pradesh,South
C1353,Michael Hill,Karnataka,South
C1354,Erica Fry,Kerala,South
C1355,Robert Davidson,Telangana,South
C1356,Lisa Harrell,Delhi,North
C1357,Michael Oliver,Gujarat,West
C1358,Kristy Nichols,Kerala,South
C1359,Steven Chen,Delhi,North
C1360,Amy Romero,Delhi,North
C1361,Daniel Hamilton,Andhra Pradesh,South
C1362,Danielle Nelson,Gujarat,West
C1363,Kara Powell,Maharashtra,West
C1364,James Pena,Tamil Nadu,South
C1365,Kimberly Anthony,Kerala,South
C1366,Melinda Johnson,Delhi,North
C1367,Michael Moore,Andhra Pradesh,South
C1368,Brenda Koch,Gujarat,West
C1369,Ryan Charles,Andhra Pradesh,South
C1370,Stephen Moore,Andhra Pradesh,South
C1371,Jane Gonzales,Maharashtra,West
C1372,Kyle Nelson,Tamil Nadu,South
C1373,Rebecca Munoz,Tamil Nadu,South
C1374,Tristan Gillespie,Tamil Nadu,South
C1375,Jamie Hoffman,Kerala,South
C1376,Julia Maxwell,Kerala,South
C1377,Jennifer Mahoney,Gujarat,West
C1378,Larry Brown,Gujarat,West
C1379,Andrew Padilla,Tamil Nadu,South
C1380,Andrew Rodriguez,Telangana,South
C1381,Jordan Kelly,Karnataka,South
C1382,William Stout,Delhi,North
C1383,Rebekah Weiss,Andhra Pradesh,South
C1384,Robert Allen,Tamil Nadu,South
C1385,Heather Moore,Maharashtra,West
C1386,Sydney Edwards,Delhi,North
C1387,Hannah Sandoval,Karnataka,South
C1388,Patricia Brown MD,Karnataka,South
C1389,Edward Cabrera,Maharashtra,West
C1390,Michael Reid,Delhi,North
C1391,Amy Nunez,Delhi,North
C1392,Carrie Day,Karnataka,South
C1393,Mr. Michael Hester,Gujarat,West
C1394,Steven Reyes,Maharashtra,West
C1395,Carrie Moran,Kerala,South
C1396,George Booker,Karnataka,South
C1397,Rachel Murray,Andhra Pradesh,South
C1398,Johnathan Mejia,Telangana,South
C1399,Cheryl Alexander,Maharashtra,West
C1400,Laura Mcintosh,Tamil Nadu,South
C1401,Brittany Bennett,Karnataka,South
C1402,Alexander Jones,Kerala,South
C1403,Ralph Contreras,Kerala,South
C1404,Donna Moore,Kerala,South
C1405,Samantha Arroyo,Maharashtra,West
C1406,James Schultz,Tamil Nadu,South
C1407,Susan Medina,Delhi,North
C1408,Aaron Lara,Telangana,South
C1409,Dr. Mary Peterson,Telangana,South
C1410,Reginald Walls,Gujarat,West
C1411,Casey Richards,Tamil Nadu,South
C1412,Jessica Bauer,Tamil Nadu,South
C1413,Misty Graves,Kerala,South
C1414,Martha Herrera,Gujarat,West
C1415,Richard Wilson,Karnataka,South
C1416,Jasmine Castro,Andhra Pradesh,South
C1417,Karen Spence,Delhi,North
C1418,Adam Moses,Gujarat,West
C1419,Donald Perry,Maharashtra,West
C1420,Victoria Zimmerman,Gujarat,West
C1421,Joseph West,Tamil Nadu,South
C1422,Jennifer Jackson,Andhra Pradesh,South
C1423,James Gonzalez,Telangana,South
C1424,Heather Hernandez,Kerala,South
C1425,Sarah Norman,Telangana,South
C1426,Monique Rogers,Kerala,South
C1427,David Bailey,Telangana,South
C1428,John Hernandez,Tamil Nadu,South
C1429,David Gonzalez,Telangana,South
C1430,Kimberly Gonzalez,Delhi,North
C1431,Shane Lane,Karnataka,South
C1432,Jeanne Gonzalez,Gujarat,West
C1433,Angela Hartman,Gujarat,West
C1434,Paul Reyes,Gujarat,West
C1435,Leslie Anderson,Tamil Nadu,South
C1436,Angela Allen,Maharashtra,West
C1437,Dustin Stanley,Delhi,North
C1438,Mrs. Sara Perez,Tamil Nadu,South
C1439,Hannah Nichols,Delhi,North
C1440,Ronald Clark,Karnataka,South
C1441,Dylan Patrick,Telangana,South
C1442,Lisa Fischer,Gujarat,West
C1443,Anthony Poole,Gujarat,West
C1444,Robert Frye,Telangana,South
C1445,Ashley Nash,Kerala,South
C1446,Danielle Clark,Kerala,South
C1447,Barbara Bullock,Karnataka,South
C1448,Sabrina Reyes,Gujarat,West
C1449,Brandi Moran,Andhra Pradesh,South
C1450,Aaron Martinez,Karnataka,South
C1451,Phillip Gray,Delhi,North
C1452,Mr. Derek Little,Andhra Pradesh,South
C1453,Tammy Shaw,Andhra Pradesh,South
C1454,Tracy Mack,Karnataka,South
C1455,Dillon Davis,Kerala,South
C1456,Beverly Hansen,Karnataka,South
C1457,Andrew Lewis,Tamil Nadu,South
C1458,Kimberly Glass,Kerala,South
C1459,Anna Gregory,Tamil Nadu,South
C1460,Jay Alexander,Karnataka,South
C1461,Linda Lee,Kerala,South
C1462,Kelly Gonzalez,Kerala,South
C1463,Shawn Jarvis,Kerala,South
C1464,Amy Bullock,Delhi,North
C1465,Roy Thompson,Tamil Nadu,South
C1466,Terry Mitchell,Maharashtra,West
C1467,Jonathan Ewing,Delhi,North
C1468,Jennifer Kaiser,Gujarat,West
C1469,Sarah Lucas,Telangana,South
C1470,Taylor Ruiz,Karnataka,South
C1471,Kristen Browning,Gujarat,West
C1472,Jeffery Chapman,Karnataka,South
C1473,Chase Lawrence,Kerala,South
C1474,Diana Grimes,Telangana,South
C1475,Patricia Perry,Andhra Pradesh,South
C1476,Dr. Laura Wilson DDS,Telangana,South
C1477,Steven Rogers,Andhra Pradesh,South
C1478,Juan Walsh,Kerala,South
C1479,Kari Walters,Tamil Nadu,South
C1480,Jill Porter,Telangana,South
C1481,April Martin,Maharashtra,West
C1482,Daniel Kemp,Kerala,South
C1483,Brian Stewart,Gujarat,West
C1484,Samantha Forbes,Maharashtra,West
C1485,Lisa Johnson,Maharashtra,West
C1486,Mark Wilkins,Andhra Pradesh,South
C1487,Wayne Pierce,Telangana,South
C1488,Lisa Jones,Delhi,North
C1489,Timothy Adams,Delhi,North
C1490,Douglas Barber,Maharashtra,West
C1491,Daniel Hill,Kerala,South
C1492,Dr. Eric Russo,Gujarat,West
C1493,Samantha Jones,Maharashtra,West
C1494,Timothy Villarreal,Delhi,North
C1495,Jeremy Cox,Telangana,South
C1496,Alyssa Stewart,Gujarat,West
C1497,Stacie Williams,Gujarat,West
C1498,Mary Salas,Karnataka,South
C1499,William Gonzalez,Andhra Pradesh,South
C1500,Carlos Willis,Kerala,South
C1501,Derek Gonzalez,Karnataka,South
C1502,Victor Rogers,Delhi,North
C1503,Miranda Robinson,Gujarat,West
C1504,Alexandra Jarvis,Kerala,South
C1505,David Arnold,Tamil Nadu,South
C1506,Phillip Miller,Delhi,North
C1507,Amanda Rice,Karnataka,South
C1508,Dylan Henry,Maharashtra,West
C1509,James Valdez,Andhra Pradesh,South
C1510,Christopher Cohen,Gujarat,West
C1511,Timothy Simmons,Gujarat,West
C1512,Alexander Smith,Gujarat,West
C1513,Mario Beck,Maharashtra,West
C1514,Jessica Zimmerman,Telangana,South
C1515,Benjamin Fisher,Delhi,North
C1516,Regina Crane,Karnataka,South
C1517,Kristy Pierce,Kerala,South
C1518,Karen Becker,Andhra Pradesh,South
C1519,Shannon Cole,Gujarat,West
C1520,Ronnie Lowe,Tamil Nadu,South
C1521,Kristine Shaffer,Gujarat,West
C1522,Deanna Collins,Kerala,South
C1523,Amber Ellis,Tamil Nadu,South
C1524,Crystal Wallace,Telangana,South
C1525,Tammy Horton,Andhra Pradesh,South
C1526,Janet Kim,Maharashtra,West
C1527,Heather Glover,Kerala,South
C1528,Paul Harmon,Gujarat,West
C1529,Adrian Morgan,Kerala,South
C1530,Rachel Berg,Tamil Nadu,South
C1531,Brad Wilson,Delhi,North
C1532,Maria Anderson DDS,Kerala,South
C1533,Lisa Hall,Delhi,North
C1534,Mercedes White,Tamil Nadu,South
C1535,Kathy Andrews,Delhi,North
C1536,Edward Fisher,Andhra Pradesh,South
C1537,Julia Cline,Kerala,South
C1538,Cristian Pineda,Telangana,South
C1539,Lisa Soto,Gujarat,West
C1540,James Clark,Telangana,South
C1541,William Manning,Maharashtra,West
C1542,April Bush,Telangana,South
C1543,Jonathan Leonard,Delhi,North
C1544,Jacob Spencer,Andhra Pradesh,South
C1545,Kayla Stewart,Tamil Nadu,South
C1546,Lauren Carter,Tamil Nadu,South
C1547,Desiree Smith,Telangana,South
C1548,Brandon Vasquez,Gujarat,West
C1549,Sheila Adkins,Kerala,South
C1550,Wanda Baker,Kerala,South
C1551,David Garcia,Karnataka,South
C1552,Kayla Anderson,Karnataka,South
C1553,Veronica Jones,Karnataka,South
C1554,Antonio Dennis,Maharashtra,West
C1555,Andrea Smith,Kerala,South
C1556,Faith Smith,Telangana,South
C1557,Daniel Gonzalez,Telangana,South
C1558,Juan King,Maharashtra,West
C1559,Daniel Eaton,Delhi,North
C1560,Justin Chavez,Andhra Pradesh,South
C1561,Jason Smith,Tamil Nadu,South
C1562,Mark Juarez,Kerala,South
C1563,Christopher Bullock,Kerala,South
C1564,Robert Humphrey,Maharashtra,West
C1565,Roy Hernandez,Karnataka,South
C1566,Dustin Cooper,Gujarat,West
C1567,Jessica Leon,Gujarat,West
C1568,Barbara Harris,Tamil Nadu,South
C1569,Audrey Cisneros,Delhi,North
C1570,Colleen Mitchell,Kerala,South
C1571,Jay Wright,Maharashtra,West
C1572,David Lee,Karnataka,South
C1573,Jesse Sawyer,Kerala,South
C1574,Lisa Lin,Karnataka,South
C1575,Jeffery Sanchez,Andhra Pradesh,South
C1576,Sherry Bartlett,Gujarat,West
C1577,Ashley Jones,Maharashtra,West
C1578,Stacey Patel,Gujarat,West
C1579,Tara Fischer,Karnataka,South
C1580,Jesus Bell,Kerala,South
C1581,John Smith,Karnataka,South
C1582,Christopher Knight,Telangana,South
C1583,Michelle Hernandez,Tamil Nadu,South
C1584,Mark Taylor,Delhi,North
C1585,Logan Young,Tamil Nadu,South
C1586,Carolyn Chase,Kerala,South
C1587,Jeffrey Pierce,Delhi,North
C1588,Sydney Kirk,Tamil Nadu,South
C1589,Andrea Lopez,Tamil Nadu,South
C1590,Victoria Barber,Tamil Nadu,South
C1591,Henry Rivers,Delhi,North
C1592,Sheila Hodge,Maharashtra,West
C1593,Lori Wade,Kerala,South
C1594,Bryan Fry,Gujarat,West
C1595,Devin Austin,Karnataka,South
C1596,Christine Wright,Telangana,South
C1597,Erin Powell,Karnataka,South
C1598,Anthony Mcmahon,Kerala,South
C1599,Adriana Davis,Telangana,South
C1600,Jacob Zamora,Telangana,South
C1601,Darren Collins,Karnataka,South
C1602,Stephanie Ryan,Gujarat,West
C1603,Kimberly Reynolds,Maharashtra,West
C1604,Lauren Wells,Delhi,North
C1605,Heather Hamilton,Telangana,South
C1606,Daniel Hines,Tamil Nadu,South
C1607,Daniel Martin,Andhra Pradesh,South
C1608,Anthony Ward,Andhra Pradesh,South
C1609,Megan Dillon,Andhra Pradesh,South
C1610,Mathew Gonzalez,Karnataka,South
C1611,Kenneth Massey,Andhra Pradesh,South
C1612,Victoria Smith,Delhi,North
C1613,John Johnson,Delhi,North
C1614,Jacob Hansen,Maharashtra,West
C1615,Barry Flores,Kerala,South
C1616,Latoya Shea,Telangana,South
C1617,Stefanie Berry,Tamil Nadu,South
C1618,Mr. Benjamin Brown,Telangana,South
C1619,Shannon Smith,Karnataka,South
C1620,Garrett Edwards,Gujarat,West
C1621,Dawn Torres,Karnataka,South
C1622,Dr. Edward Schultz,Delhi,North
C1623,Jeffrey Ho,Delhi,North
C1624,Herbert Valdez,Gujarat,West
C1625,Laura Franklin,Tamil Nadu,South
C1626,Erica Bell,Karnataka,South
C1627,Joseph Bradley,Karnataka,South
C1628,Jennifer Cole,Kerala,South
C1629,Tricia Sanchez,Delhi,North
C1630,Danielle Figueroa,Gujarat,West
C1631,Jonathon Hudson,Karnataka,South
C1632,Sylvia Pope,Delhi,North
C1633,Kathleen Smith,Kerala,South
C1634,Kristina Harmon,Maharashtra,West
C1635,Kevin Williams,Delhi,North
C1636,Samantha Kim,Telangana,South
C1637,Mary Torres,Karnataka,South
C1638,Peter Kelly,Telangana,South
C1639,Jeremy Whitaker,Andhra Pradesh,South
C1640,Latoya Booker,Andhra Pradesh,South
C1641,John Smith,Andhra Pradesh,South
C1642,Shawn Brown,Delhi,North
C1643,Katrina Huerta,Maharashtra,West
C1644,Barbara Baker DVM,Gujarat,West
C1645,Christopher Buck,Kerala,South
C1646,Elizabeth Spencer,Karnataka,South
C1647,Jimmy Arnold,Gujarat,West
C1648,Luis Friedman,Tamil Nadu,South
C1649,Rachel Campbell,Tamil Nadu,South
C1650,Aaron Zavala,Andhra Pradesh,South
C1651,James Pena,Andhra Pradesh,South
C1652,Lisa Gonzales,Gujarat,West
C1653,Jessica Conley,Tamil Nadu,South
C1654,Nathan Davis,Andhra Pradesh,South
C1655,Jeremy White,Gujarat,West
C1656,Samuel Johnson,Kerala,South
C1657,William Cole,Tamil Nadu,South
C1658,Thomas Parsons,Telangana,South
C1659,Kyle White,Delhi,North
C1660,Kristie Lindsey,Kerala,South
C1661,Timothy Hall,Andhra Pradesh,South
C1662,Jessica Oneal,Andhra Pradesh,South
C1663,Anthony Mcdonald,Andhra Pradesh,South
C1664,Julie Romero,Tamil Nadu,South
C1665,Joshua Simmons,Andhra Pradesh,South
C1666,Natalie Woods,Kerala,South
C1667,Charles Maddox,Telangana,South
C1668,Courtney Shepherd,Gujarat,West
C1669,Jesse Wiley,Telangana,South
C1670,Brian Williams,Karnataka,South
C1671,James Morris,Andhra Pradesh,South
C1672,Adrian Freeman,Delhi,North
C1673,Patrick Turner,Tamil Nadu,South
C1674,Emily Mullins,Kerala,South
C1675,John Griffin,Karnataka,South
C1676,Joshua Herrera,Delhi,North
C1677,Roger Lynn,Gujarat,West
C1678,Madison Cummings,Maharashtra,West
C1679,Kevin Ford,Kerala,South
C1680,Mr. Joshua Robinson,Kerala,South
C1681,Curtis Wheeler,Karnataka,South
C1682,Richard Whitehead,Karnataka,South
C1683,Erin Bender,Andhra Pradesh,South
C1684,Isaiah Larson,Tamil Nadu,South
C1685,Jennifer Buchanan,Maharashtra,West
C1686,Donna Walker,Gujarat,West
C1687,Michael Santiago,Andhra Pradesh,South
C1688,James Winters,Maharashtra,West
C1689,Lindsey Deleon,Gujarat,West
C1690,Courtney Jones,Karnataka,South
C1691,Janice Page,Gujarat,West
C1692,Jeffrey Stokes,Telangana,South
C1693,Jason Hernandez,Kerala,South
C1694,Morgan Benitez,Telangana,South
C1695,Brianna Kim,Kerala,South
C1696,Marcia Haynes,Tamil Nadu,South
C1697,Terri Clark,Telangana,South
C1698,Wayne Martin,Tamil Nadu,South
C1699,Barbara Richards,Andhra Pradesh,South
C1700,Casey Cook,Karnataka,South
C1701,Michaela Stewart,Gujarat,West
C1702,Ian Thompson,Andhra Pradesh,South
C1703,Jonathan Burns,Andhra Pradesh,South
C1704,Ann Patel,Telangana,South
C1705,Brenda Ward,Delhi,North
C1706,Steven Bailey,Maharashtra,West
C1707,John Rice,Telangana,South
C1708,Michelle Harris,Maharashtra,West
C1709,Abigail Terry,Andhra Pradesh,South
C1710,Robert Lopez,Tamil Nadu,South
C1711,Robin Ingram,Andhra Pradesh,South
C1712,James Garcia,Delhi,North
C1713,Wendy Mills,Tamil Nadu,South
C1714,Mary Thomas,Gujarat,West
C1715,Gregory Christensen,Delhi,North
C1716,Jacob Dunn,Andhra Pradesh,South
C1717,Austin Young,Kerala,South
C1718,Michael Bryant,Telangana,South
C1719,Latoya Brown,Kerala,South
C1720,Sabrina Smith,Maharashtra,West
C1721,Richard Perry,Telangana,South
C1722,Melissa Guerrero,Kerala,South
C1723,Peggy Richards,Andhra Pradesh,South
C1724,Jesse Barker,Gujarat,West
C1725,Lauren Bailey,Andhra Pradesh,South
C1726,Danielle Fowler,Kerala,South
C1727,Charles Smith,Maharashtra,West
C1728,Dwayne Kennedy,Tamil Nadu,South
C1729,Austin Hogan,Kerala,South
C1730,Mrs. Julie Morrison,Gujarat,West
C1731,Joshua Craig,Telangana,South
C1732,Maria Gardner,Kerala,South
C1733,Thomas Mills,Telangana,South
C1734,Nicholas Kim,Gujarat,West
C1735,Kevin Cline,Karnataka,South
C1736,Brendan Rodriguez,Karnataka,South
C1737,Ashley Pena,Maharashtra,West
C1738,Jose Pruitt,Maharashtra,West
C1739,Eric Carr,Gujarat,West
C1740,Kristina Myers,Delhi,North
C1741,Kurt Hill,Telangana,South
C1742,Jessica Adams,Tamil Nadu,South
C1743,Erica Maddox DDS,Delhi,North
C1744,Debra Thompson,Andhra Pradesh,South
C1745,Joy Richards,Kerala,South
C1746,Jordan Hopkins,Tamil Nadu,South
C1747,Mary Gutierrez,Karnataka,South
C1748,Linda Woods,Maharashtra,West
C1749,Elizabeth Brown,Gujarat,West
C1750,William Orozco,Maharashtra,West
C1751,Deanna Combs,Telangana,South
C1752,Kimberly Turner,Gujarat,West
C1753,Zachary Lutz,Maharashtra,West
C1754,Jill Blair,Tamil Nadu,South
C1755,Kimberly Martinez,Telangana,South
C1756,Kimberly Hammond,Andhra Pradesh,South
C1757,Amy Murray,Kerala,South
C1758,Derek Nixon,Maharashtra,West
C1759,Krystal Rodriguez,Gujarat,West
C1760,Lisa Walsh,Kerala,South
C1761,Tanya West,Maharashtra,West
C1762,Kendra Chapman,Maharashtra,West
C1763,Chelsea Brown,Kerala,South
C1764,Andrew Peters,Maharashtra,West
C1765,Richard Martin,Andhra Pradesh,South
C1766,Sean Davis,Telangana,South
C1767,Michael Hart,Tamil Nadu,South
C1768,Chad Lane,Maharashtra,West
C1769,Scott Baker,Maharashtra,West
C1770,Alison Carr,Maharashtra,West
C1771,John Kim,Telangana,South
C1772,Cathy Saunders,Delhi,North
C1773,Mark Colon,Kerala,South
C1774,Samuel Kelly,Delhi,North
C1775,Thomas Mooney,Delhi,North
C1776,Crystal Dunlap,Maharashtra,West
C1777,Sean Morris,Gujarat,West
C1778,David Vazquez,Telangana,South
C1779,Kelly Rodriguez,Andhra Pradesh,South
C1780,Stephanie Harrington,Tamil Nadu,South
C1781,Erik Frank,Andhra Pradesh,South
C1782,Whitney Villanueva,Delhi,North
C1783,Melissa James,Kerala,South
C1784,Randy Bryant,Karnataka,South
C1785,Bonnie Vincent,Maharashtra,West
C1786,Stacey Haynes,Maharashtra,West
C1787,Jose Garcia,Maharashtra,West
C1788,Kenneth Thompson,Gujarat,West
C1789,Mason Larson,Kerala,South
C1790,Jessica Spencer,Delhi,North
C1791,Paul Garrett,Maharashtra,West
C1792,Brenda Martinez,Tamil Nadu,South
C1793,Luis Little,Andhra Pradesh,South
C1794,Devon Larson,Tamil Nadu,South
C1795,Ronald Rodriguez,Kerala,South
C1796,Brittany Klein,Karnataka,South
C1797,Terri Barrera,Tamil Nadu,South
C1798,Matthew Lozano,Telangana,South
C1799,Jordan Christensen,Tamil Nadu,South
C1800,Robert Russell,Gujarat,West
C1801,Alyssa Aguilar,Andhra Pradesh,South
C1802,Ralph Waller,Telangana,South
C1803,Ryan Hall Jr.,Kerala,South
C1804,Jennifer Miller,Telangana,South
C1805,Stephanie Miller,Karnataka,South
C1806,Hannah Williams,Kerala,South
C1807,Andrew Parker,Telangana,South
C1808,Joshua Oliver,Telangana,South
C1809,Savannah Jackson,Telangana,South
C1810,Sherri Wright,Karnataka,South
C1811,Virginia Walters,Tamil Nadu,South
C1812,Emily Riddle,Gujarat,West
C1813,Erica Turner,Andhra Pradesh,South
C1814,John Marks,Maharashtra,West
C1815,Brittany Allen,Delhi,North
C1816,David Harris,Kerala,South
C1817,Juan Rocha,Karnataka,South
C1818,Lisa Stewart,Karnataka,South
C1819,Christine Johnson,Delhi,North
C1820,Richard Haynes,Karnataka,South
C1821,Daniel Walsh,Gujarat,West
C1822,Rebecca Griffin,Delhi,North
C1823,Benjamin Hall,Maharashtra,West
C1824,Michelle Hawkins,Karnataka,South
C1825,Troy Ellis,Delhi,North
C1826,Cheryl Sanchez,Telangana,South
C1827,Larry Kerr,Kerala,South
C1828,Gregory Roberts,Gujarat,West
C1829,Adam Norman,Karnataka,South
C1830,Amanda Jones,Andhra Pradesh,South
C1831,Eric Wright,Gujarat,West
C1832,Cheryl Lee,Delhi,North
C1833,Lisa Parks,Telangana,South
C1834,Allison Spence,Gujarat,West
C1835,Darren Alvarez,Gujarat,West
C1836,Tiffany Smith,Andhra Pradesh,South
C1837,Alan Taylor,Maharashtra,West
C1838,Angela Ryan,Delhi,North
C1839,Adam Ramirez,Andhra Pradesh,South
C1840,Joshua Russo,Karnataka,South
C1841,Kim Ramirez,Kerala,South
C1842,John Long,Andhra Pradesh,South
C1843,Christine Johnson,Telangana,South
C1844,Evan Robinson,Kerala,South
C1845,Spencer Chandler,Maharashtra,West
C1846,Sandra Koch,Kerala,South
C1847,Michael Anderson,Gujarat,West
C1848,James Nelson,Gujarat,West
C1849,Cory Mccarthy,Kerala,South
C1850,Susan Johnson,Delhi,North
C1851,Cheryl Meyer,Kerala,South
C1852,Carla Miller,Tamil Nadu,South
C1853,Mr. Ryan Oneal,Delhi,North
C1854,Robert Roberson,Tamil Nadu,South
C1855,Kevin Wells,Tamil Nadu,South
C1856,Robert Knight,Kerala,South
C1857,Taylor Booker,Andhra Pradesh,South
C1858,Shelley Brown,Gujarat,West
C1859,John Hunt,Andhra Pradesh,South
C1860,Robert Aguilar,Maharashtra,West
C1861,Jessica David,Gujarat,West
C1862,Willie Knight,Gujarat,West
C1863,Marc Rodriguez,Kerala,South
C1864,Lindsay Trujillo,Andhra Pradesh,South
C1865,Jason Willis,Telangana,South
C1866,Phillip Mccullough,Telangana,South
C1867,Pamela Blackburn,Andhra Pradesh,South
C1868,Jose Beasley,Gujarat,West
C1869,Destiny Lawrence,Kerala,South
C1870,Sarah Anderson,Delhi,North
C1871,Michael Baldwin,Kerala,South
C1872,Katherine Reyes,Maharashtra,West
C1873,Dawn Mitchell,Delhi,North
C1874,Bradley Garrett,Maharashtra,West
C1875,Colleen Singh,Gujarat,West
C1876,Jacob Walsh,Delhi,North
C1877,Jodi Stokes,Telangana,South
C1878,Matthew Bass,Delhi,North
C1879,Kristine Fitzpatrick,Maharashtra,West
C1880,Albert Johnson,Tamil Nadu,South
C1881,Joshua Williamson,Gujarat,West
C1882,Alicia Russo,Tamil Nadu,South
C1883,Walter Reed,Andhra Pradesh,South
C1884,Michelle Johnson,Tamil Nadu,South
C1885,Jennifer Holder,Kerala,South
C1886,James Thompson,Maharashtra,West
C1887,Joshua Harvey,Tamil Nadu,South
C1888,Ryan Walker,Kerala,South
C1889,Megan Mata,Gujarat,West
C1890,Ryan Jacobs,Kerala,South
C1891,Jennifer Dixon,Kerala,South
C1892,George Frost,Gujarat,West
C1893,Ronnie Brady,Kerala,South
C1894,Jeffrey Conley,Gujarat,West
C1895,Katie Gordon,Maharashtra,West
C1896,William Goodman,Delhi,North
C1897,Gregory Zimmerman,Karnataka,South
C1898,Kristen Mitchell,Delhi,North
C1899,Joshua Mercado,Gujarat,West
C1900,Courtney Smith,Gujarat,West
C1901,Deborah Mcdowell,Telangana,South
C1902,Zachary Owen,Telangana,South
C1903,Alan Hoover,Tamil Nadu,South
C1904,Christian Cruz,Karnataka,South
C1905,Brandon Dunn,Tamil Nadu,South
C1906,Rachel Brown,Karnataka,South
C1907,John Harmon,Andhra Pradesh,South
C1908,Kyle Rodriguez,Telangana,South
C1909,Shelley Mayer,Kerala,South
C1910,Bradley Roth,Tamil Nadu,South
C1911,Gregory Simmons,Delhi,North
C1912,Monica Graham,Telangana,South
C1913,Chris Brown,Gujarat,West
C1914,Tracy Jones,Tamil Nadu,South
C1915,Valerie Johnston,Andhra Pradesh,South
C1916,Brianna Ball,Telangana,South
C1917,Ashley Harris,Gujarat,West
C1918,Crystal Jensen,Andhra Pradesh,South
C1919,Michelle Mejia,Karnataka,South
C1920,Samuel Taylor,Gujarat,West
C1921,John Padilla,Maharashtra,West
C1922,Benjamin Richardson,Andhra Pradesh,South
C1923,Theodore Wallace,Telangana,South
C1924,Jessica Villarreal,Gujarat,West
C1925,Stephanie Miller,Telangana,South
C1926,Paula Lowery,Kerala,South
C1927,Julie Thompson,Kerala,South
C1928,Alexander Ramirez,Tamil Nadu,South
C1929,Jennifer Weaver,Delhi,North
C1930,William Knapp,Andhra Pradesh,South
C1931,James Garcia,Karnataka,South
C1932,David Barber,Telangana,South
C1933,Michael Johnson,Gujarat,West
C1934,Mandy Roberts,Telangana,South
C1935,Sharon Bullock,Delhi,North
C1936,Jessica Richards,Kerala,South
C1937,Emily Ware,Delhi,North
C1938,Melissa Blake,Gujarat,West
C1939,Robert Griffin,Telangana,South
C1940,Marilyn Henderson,Delhi,North
C1941,Shannon Vang,Telangana,South
C1942,Thomas Hampton,Tamil Nadu,South
C1943,Pamela Bailey,Gujarat,West
C1944,Andrew Hebert,Karnataka,South
C1945,Kelli Salazar,Tamil Nadu,South
C1946,Carol Hudson,Kerala,South
C1947,Lauren Davila,Gujarat,West
C1948,Michael Maxwell,Kerala,South
C1949,Todd Jenkins,Delhi,North
C1950,Christopher Long,Karnataka,South
C1951,Dr. Stephanie Alvarado,Maharashtra,West
C1952,Maria Jacobs,Delhi,North
C1953,Jenna Myers,Telangana,South
C1954,Regina Stevenson,Andhra Pradesh,South
C1955,Mark Adams,Maharashtra,West
C1956,David Smith,Kerala,South
C1957,Michael Flynn,Andhra Pradesh,South
C1958,Travis Owens,Delhi,North
C1959,Amanda Miller,Kerala,South
C1960,Anne Johnson,Telangana,South
C1961,Amanda Perry,Karnataka,South
C1962,Ashley Kirby,Kerala,South
C1963,Vanessa Mendez,Kerala,South
C1964,Caitlin Andrews,Karnataka,South
C1965,Sharon Jackson,Gujarat,West
C1966,Jennifer Hunt,Tamil Nadu,South
C1967,Mary Nguyen,Tamil Nadu,South
C1968,Tara Stokes,Kerala,South
C1969,Adrian Johnston,Karnataka,South
C1970,Brandon Pitts,Gujarat,West
C1971,Douglas Torres,Andhra Pradesh,South
C1972,Theresa Mueller,Tamil Nadu,South
C1973,Bruce Stuart,Gujarat,West
C1974,Martin Osborne,Kerala,South
C1975,Stacey Mcmillan,Kerala,South
C1976,Michael Davis,Delhi,North
C1977,Michael Hill,Kerala,South
C1978,Peter Clark,Kerala,South
C1979,Brenda Walker,Delhi,North
C1980,Crystal Larsen,Karnataka,South
C1981,Cameron Caldwell,Delhi,North
C1982,Marcus Rodriguez,Maharashtra,West
C1983,Edward Robertson,Delhi,North
C1984,Daniel Huff,Karnataka,South
C1985,Gregory Savage,Maharashtra,West
C1986,Dr. Brenda Duran MD,Tamil Nadu,South
C1987,Desiree Robinson,Tamil Nadu,South
C1988,Charles Estrada,Delhi,North
C1989,Mary Salinas,Tamil Nadu,South
C1990,Dominic Monroe,Andhra Pradesh,South
C1991,Paul Bradley,Maharashtra,West
C1992,Daniel Leblanc,Tamil Nadu,South
C1993,Linda Smith,Karnataka,South
C1994,Todd Lindsey,Maharashtra,West
C1995,Debbie Kerr,Delhi,North
C1996,Michael Watts,Delhi,North
C1997,Robert Lopez,Maharashtra,West
C1998,Tasha Morgan,Telangana,South
C1999,Robert Cooper,Tamil Nadu,South
